Variable,VIF
area,1.3252503552183241
bedrooms,1.3694766581843776
bathrooms,1.2866212561775863
stories,1.4780547177366286
mainroad,1.1727278128354452
guestroom,1.2128379483655434
basement,1.32304975961523
hotwaterheating,1.0415057836198327
airconditioning,1.2118402046173264
parking,1.2128372545031882
prefarea,1.1491962855160958
status_furnished,8.575840274322525
status_semi-furnished,12.404305946215246
status_unfurnished,8.826219167969438
